<?xml version="1.0" encoding="UTF-8"?>
<project-private xmlns="http://www.netbeans.org/ns/project-private/1">
    <editor-bookmarks xmlns="http://www.netbeans.org/ns/editor-bookmarks/2" lastBookmarkId="0"/>
    <open-files xmlns="http://www.netbeans.org/ns/projectui-open-files/2">
        <group>
            <file>file:/Users/dalyakhatun/Desktop/GSU/CSC4380_WinP/projectWin/src/projectwin/FXMLDocumentController.java</file>
            <file>file:/Users/dalyakhatun/Desktop/GSU/CSC4380_WinP/projectWin/src/projectwin/MainPageController.java</file>
            <file>file:/Users/dalyakhatun/Desktop/GSU/CSC4380_WinP/projectWin/src/projectwin/SearchClassesController.java</file>
        </group>
    </open-files>
</project-private>
